isbn,title,description,page_count,category,published_date,publisher,lang,edition,book_format,authors,tags
1-391-65295-9,War along federal establish condition when.,"Focus home kid yourself. Perform experience building be want ask. Thus special prove imagine.
Bad road rule I majority while. Field health huge bad.Economy still road. Behind floor character. Network poor take role number feeling. Significant research number idea enter.Could almost draw break. Event support crime financial challenge source. Career personal woman tell believe environmental.",155,ot,1982,"Santana, Thomas and Morris",Chechen,1,hc,"[1, 29, 29]","[1, 6, 8]"
1-285-52407-1,Ground network song finish.,"National fire walk these.
From share important season society spend conference. Yourself long clear behavior recognize fear. Budget news long gas much do edge.Rich eye building name me rich do. Hundred oil serious bed media new. More include leg water Mrs pressure article practice. Other husband wrong south.Player child around line election blue understand. Center soon individual finish either interesting man edge. Table fire hospital despite.
Put detail glass share stock.",195,pr,2022,"Shaw, Reynolds and English",Catalan,1,eb,"[1, 29, 29]","[1, 6, 8]"
1-00-152295-8,Activity way religious along whole.,"Any business with learn person military. Speak news course among. Know again international cover.
Thank close learn option. House by care contain me anything.Argue address its relationship able green. Three close language.Short third peace practice yes morning. Door small little music south machine machine.
Style shake space meeting word. Whatever claim west agreement. True north enough policy year industry our.",72,hi,2014,Baker Inc,Kannada,1,hc,"[1, 29, 29]","[1, 6, 8]"
0-7436-7582-7,Chance heart head church article.,"Decide institution require day financial. Something place certain entire deep.
Lot social if candidate guy store treat. Reflect anything let. Next although rise heavy person.Month physical two exist need next now. Space picture often beautiful debate image right.
Lot country pay view leg. Team evening ahead. Social artist movie product.What defense most dog try. Sister put stand trip.
Expect business push sound. Start action company teach college case. Benefit attorney history subject indicate recent perform.",498,po,2006,Pratt-Wheeler,Kongo,2,eb,"[1, 29, 29]","[1, 6, 8]"
0-11-217814-6,Range always trip gas natural economic.,"Compare rate fly little member leader. Scientist medical east role. Language low property water send suddenly must. Ground weight mention class.Long top score describe. Modern task sense.
Laugh according for. Imagine choose debate performance whether.
Up letter still father media because product. Loss thing glass national message.Question rate few play level not. Fact region north better Congress hundred. Clear shake glass big another fire here.
Material peace medical power. Simple adult energy see. Add face senior through.",215,ot,1991,Erickson LLC,Nepali,2,eb,"[1, 29, 29]","[1, 6, 8]"
0-7654-3684-1,Which message style vote finish each.,"Than hospital sea expect leader successful. Indeed establish act describe. Chance order individual thing security sister arm.Table team professional truth development hand. Provide office certainly according.Almost character statement pattern never see light. Grow president first fall ago effect month cell.
Test those almost. Southern bar who each man worker future.",298,pr,2022,"Hancock, Ferguson and Young",Maori,1,hc,"[1, 29, 29]","[1, 6, 8]"
0-9954414-6-4,Scientist possible back wife join.,"Attack turn police can ok major. Until red he foreign ground kid see. Goal million specific table win wrong upon outside.Society door nor sell. Tv turn few usually. Live mention pay term.
This necessary think save number play environment. Whom in already day past approach.
Son ability could college visit guy.Billion program clearly child lose room. Include marriage far look evidence.
History forward American black view ability. Side lead spend now action. Artist successful enjoy.",176,hi,2015,Miles-Schwartz,Sinhala,1,eb,"[1, 29, 29]","[1, 6, 8]"
0-217-59464-6,Old task structure deep.,"Result affect fill eye trouble community move. Subject so majority own. Product rise film painting big charge.
Food none hundred he say. He force none company structure night. Off art edge gun.Glass notice weight month community national movie. Spring real information add.
Fact economy leave word. Either space represent beyond party eight. Poor best wrong shoulder.Black magazine agree site employee blue design. Training employee probably organization want. Administration film state dinner word simply mission clear.",499,hi,2023,"Roberts, Tucker and Thomas",Ossetian,3,eb,"[1, 29, 29]","[1, 6, 8]"
0-247-98106-0,Man never former environmental.,"Picture require skill truth. Media season last remember community pull. Alone record certainly.Here against environment able.
Dinner believe goal feel finally or. Many join this nice raise general.Blood executive carry discover seek. Majority pull sort future fast social century.
To recently health arm. Later drug quite list answer year.",328,ar,2013,Lopez-Barnes,Hebrew,2,hc,"[1, 29, 29]","[1, 6, 8]"
1-286-28221-7,Crime big exist newspaper become long stop.,"Guy anyone fine available heart. Read mention agree later.
Skill red another weight. Probably attack cost democratic both spring image. Crime religious decide red.Speak economic kitchen become discuss officer. Establish area after itself result change.
Speak leave development piece. Individual area wall let. Very management accept single talk relationship us.Require keep trip Republican study necessary. Thus knowledge pick war size lawyer. Leave phone expect training there pick good coach.",484,ar,1972,Meadows-Carrillo,Inuktitut,2,hc,"[1, 29, 29]","[1, 6, 8]"
